w,o,p,n,k,endpoint_us,prepare_us,logical_products,executed_products,scale_elements,weight_elements,validation_elements,mirror_elements,output_reset_bytes,temporary_bytes,provider_retained
0,row,generated.cuda,3,5,12.5888005,4.538,60,120,120,0,12,6,144,0,0
0,row,generated.cuda,17,9,16.5552005,6.909,2754,5508,5508,0,306,272,4624,0,0
0,row,cublas,3,5,25.5984008,22631.7,60,90,30,0,12,6,144,384,69206016
0,row,cublas,17,9,33.238399,176.895,2754,5202,306,0,306,272,4624,7072,67108864
0,column,generated.cuda,3,5,13.3184001,7.412,60,120,120,0,12,6,144,0,0
0,column,generated.cuda,17,9,18.3024004,6.354,2754,5508,5508,0,306,272,4624,0,0
0,column,cublas,3,5,26.7071992,172.532,60,90,30,0,12,6,144,384,67108864
0,column,cublas,17,9,33.1551999,166.007,2754,5202,306,0,306,272,4624,7072,67108864
1,row,generated.cuda,3,5,15.4816002,7.017,60,120,120,10,12,6,144,0,0
1,row,generated.cuda,17,9,19.0944001,5.662,2754,5508,5508,18,306,272,4624,0,0
1,row,cublas,3,5,28.1520009,168.767,60,90,30,10,12,6,144,384,67108864
1,row,cublas,17,9,35.8096004,155.341,2754,5202,306,18,306,272,4624,7072,67108864
1,column,generated.cuda,3,5,16.0960004,5.656,60,120,120,10,12,6,144,0,0
1,column,generated.cuda,17,9,21.2400004,5.408,2754,5508,5508,18,306,272,4624,0,0
1,column,cublas,3,5,29.4400007,156.9,60,90,30,10,12,6,144,384,67108864
1,column,cublas,17,9,35.5839998,147.227,2754,5202,306,18,306,272,4624,7072,67108864
